day,asset_index,kind,status,bytes,sha256,content_type,attempts,relative_path,source_url,error
1,1,image,skipped_existing,112163,d3a269b11b72e81b83d215a3e8738ca51f32efefc344464a9b5fc929a6ee6253,,0,assets/collagen/day-01/D01_001_IMAGE.jpg,https://manybot-thumbnails.s3.eu-central-1.amazonaws.com/fb688444/ca/big_1044db69a405b2208c264820f0919241.jpeg,
1,2,image,skipped_existing,105786,cba11e8d1490331f388d6d044daf6dff43785d3d4d2429ae4901f600453e00b5,,0,assets/collagen/day-01/D01_002_IMAGE.jpg,https://manybot-thumbnails.s3.eu-central-1.amazonaws.com/fb688444/ca/big_145cfabc73f67c149002dc48f7cb4d87.jpeg,
1,3,image,skipped_existing,115863,e05cfb41a51377d1b1b579a1150092aa0f1cb2929bf7cf1df9d1fcb8370ee45a,,0,assets/collagen/day-01/D01_003_IMAGE.jpg,https://manybot-thumbnails.s3.eu-central-1.amazonaws.com/fb688444/ca/big_5d986bc85ef44b9277107d935140a920.jpeg,
1,4,video,skipped_existing,15209133,8fe587876a9328c595df478484cec46ab0ec0ed1834613091ebc2123c4d5d56d,,0,assets/collagen/day-01/D01_004_VIDEO.mp4,https://manybot-files.s3.eu-central-1.amazonaws.com/fb688444/ca/2025/06/27/f79d3ed28f81571c8bb377d7d3fe69cf/5.mp4,
1,5,video,skipped_existing,9897100,2b4c005c2413dfa795c79d049e620dc1c1f2607777d10c645b1c1bda71f75a2e,,0,assets/collagen/day-01/D01_005_VIDEO.mp4,https://manybot-files.s3.eu-central-1.amazonaws.com/fb688444/ca/2025/06/28/0a1f84a5aa8fb7fb694035833d354a48/3e5b555d-3c7f-4f30-b0d0-e5b385ae146d.mp4,
2,1,video,downloaded,5265559,03730b48c8edecdce583e806d3d7f435e482ea58ac158982f8e7a69977c2a265,video/mp4,1,assets/collagen/day-02/D02_001_VIDEO.mp4,https://manybot-files.s3.eu-central-1.amazonaws.com/fb688444/ca/2024/10/28/8dd6ef11fc5495c71023d411c5bfdb57/WhatsApp_Video_2024-10-28_at_23.36.28.mp4,
2,2,image,downloaded,50215,0190cb2e7ce3f874669701bddec9efe18697da4a716ab6ea22b2ed38356e4fe0,image/jpeg,1,assets/collagen/day-02/D02_002_IMAGE.jpg,https://manybot-thumbnails.s3.eu-central-1.amazonaws.com/fb688444/ca/big_51977105002aaeae5004f7a1ff19c1c7.jpg,
2,3,image,downloaded,68260,56b53fdce85c062251621f63e77b00091ceaee83855f25f37d502edb103ccc85,image/jpeg,1,assets/collagen/day-02/D02_003_IMAGE.jpg,https://manybot-thumbnails.s3.eu-central-1.amazonaws.com/fb688444/ca/big_888d3eba0b769f0b6aaf675d0874b253.jpg,
2,4,image,downloaded,73658,4b32056d2668945d311dc91a8ecc9def8fa7455271311083208cc4e9beac7a7e,image/jpeg,1,assets/collagen/day-02/D02_004_IMAGE.jpg,https://manybot-thumbnails.s3.eu-central-1.amazonaws.com/fb688444/ca/big_5955da7f16ba503ffeeb96cd8d0a916f.jpg,
2,5,image,downloaded,87874,1da8c35cd41ec4decf9f8adbba49f945d4474fe3b9a3332f902697f54ee9023b,image/jpeg,1,assets/collagen/day-02/D02_005_IMAGE.jpg,https://manybot-thumbnails.s3.eu-central-1.amazonaws.com/fb688444/ca/big_2982d280fd8f5057887cec41b15a2fdb.jpg,
2,6,image,downloaded,85162,368f8c3fbc0bc516c370aabe9ad9a286d3c0b06a50f250facd4a8f7a4fb12fbd,image/jpeg,1,assets/collagen/day-02/D02_006_IMAGE.jpg,https://manybot-thumbnails.s3.eu-central-1.amazonaws.com/fb688444/ca/big_fb6dacc1491eb1c0c243ee8a064076eb.jpg,
2,7,image,downloaded,82768,4f76e20192ed7d518b6404c20dbd9ca4ecc873e90badf7dc190bdf946d096051,image/jpeg,1,assets/collagen/day-02/D02_007_IMAGE.jpg,https://manybot-thumbnails.s3.eu-central-1.amazonaws.com/fb688444/ca/big_24bc31f9318aa1f7601c980b4da9e904.jpg,
2,8,image,downloaded,69131,17c1ce42af06481c715c09e69334194adf6ad35e6ab94a5548a8d01bb043c7ab,image/jpeg,1,assets/collagen/day-02/D02_008_IMAGE.jpg,https://manybot-thumbnails.s3.eu-central-1.amazonaws.com/fb688444/ca/big_3b99f948740fda71d6ae3da9fdeaf56d.jpg,
3,1,image,downloaded,269489,dd3132c72088c84ff35a3ba32d73f32a9751e0ee573b06877dde9e42acf635d2,image/jpeg,1,assets/collagen/day-03/D03_001_IMAGE.jpg,https://manybot-thumbnails.s3.eu-central-1.amazonaws.com/fb688444/ca/big_7ef7fde17a527c064c2c2322ccb8b1b1.JPG,
3,2,image,downloaded,449375,910890ada4e84f6498a9a6ccfd68e7444f4abbc5ba2abd5f8a0c063c469d861e,image/jpeg,1,assets/collagen/day-03/D03_002_IMAGE.jpg,https://manybot-thumbnails.s3.eu-central-1.amazonaws.com/fb688444/ca/big_e740901306e5e74d5d480233da4f702e.JPG,
3,3,image,downloaded,339434,f88eda65089bbe8c89cbec48b7515b48e4e6891532b0047181840a4167c7cb47,image/jpeg,1,assets/collagen/day-03/D03_003_IMAGE.jpg,https://manybot-thumbnails.s3.eu-central-1.amazonaws.com/fb688444/ca/big_68f8cd8e631f0e6a03604851366db4f3.JPG,
3,4,image,downloaded,469161,69f4a84ecac47f423d1c92b6102b657c86c979222656dac766a2450cd7ea0625,image/jpeg,1,assets/collagen/day-03/D03_004_IMAGE.jpg,https://manybot-thumbnails.s3.eu-central-1.amazonaws.com/fb688444/ca/big_202306fc38a8ddccce7c2843ea8be39b.JPG,
3,5,image,downloaded,487111,46a857faa7aa28dc11aed0f1814d11441ddc1335746c2eaa2f8be37ed9f525d0,image/jpeg,1,assets/collagen/day-03/D03_005_IMAGE.jpg,https://manybot-thumbnails.s3.eu-central-1.amazonaws.com/fb688444/ca/big_94a7e7efef37219a7b4f733d1de8fb5a.JPG,
3,6,image,downloaded,95434,0ea922b85111550d8f943ffbe96eb6fc07c296de532ff82c56e42f832af919f8,image/jpeg,1,assets/collagen/day-03/D03_006_IMAGE.jpg,https://manybot-thumbnails.s3.eu-central-1.amazonaws.com/fb688444/ca/big_2f70fac0aa470bfe8953b8dd8936b705.jpg,
4,1,image,downloaded,472132,982302f35d5a35c20f22e51ee1077111495f9507e40826cd9d5c24fc00ed1250,image/jpeg,1,assets/collagen/day-04/D04_001_IMAGE.jpg,https://manybot-thumbnails.s3.eu-central-1.amazonaws.com/fb688444/ca/big_debed33c2f6a55133071283a4701160e.JPG,
4,2,image,downloaded,153951,975c4984781a0efadb5df24e592baf117fb1a19b287d95d61263d7b72058ef84,image/jpeg,1,assets/collagen/day-04/D04_002_IMAGE.jpg,https://manybot-thumbnails.s3.eu-central-1.amazonaws.com/fb688444/ca/big_7916251e1a91b458fbaac4ad0bc2323d.JPG,
4,3,image,downloaded,407780,15ef1d33b88a1f165c3dcd0fd5ffec2c41b9edca43498c1bb0ca59366924d97c,image/jpeg,1,assets/collagen/day-04/D04_003_IMAGE.jpg,https://manybot-thumbnails.s3.eu-central-1.amazonaws.com/fb688444/ca/big_70ccad2b81fe4e8781ee0488528e8dc6.JPG,
4,4,image,downloaded,426002,702d8f221682194a83bb0fb3b794d1d2108d8f857553f7bd312c0a52c3e7af56,image/jpeg,1,assets/collagen/day-04/D04_004_IMAGE.jpg,https://manybot-thumbnails.s3.eu-central-1.amazonaws.com/fb688444/ca/big_fc3d678704b6b354cfe0aec8f84025cf.JPG,
4,5,image,downloaded,393377,f5517b44099a81d2eff0831cc5ae859b367f52d95f93cf7349f15d9e56af3b8e,image/jpeg,1,assets/collagen/day-04/D04_005_IMAGE.jpg,https://manybot-thumbnails.s3.eu-central-1.amazonaws.com/fb688444/ca/big_e348588007b2c56fe3d37c7239288dee.JPG,
4,6,video,downloaded,3690587,7026230b4a59a0c0940ccbc228a7ba7c7b3c67722ba71b40db7d61b00cdc2124,video/mp4,1,assets/collagen/day-04/D04_006_VIDEO.mp4,https://manybot-files.s3.eu-central-1.amazonaws.com/fb688444/ca/2025/06/28/a895de784e9db51dc4909d3ed902116f/6.mp4,
5,1,image,downloaded,112730,d4f98d222e2ac657c7b4619629a319a1c3ebf4dfb891b8fcfa8151d6531651ea,image/jpeg,1,assets/collagen/day-05/D05_001_IMAGE.jpg,https://manybot-thumbnails.s3.eu-central-1.amazonaws.com/fb688444/ca/big_ac59823d953b5f9d52aa4192d40d326b.jpg,
5,2,image,downloaded,65112,95cf5d4a22dcf0d7e6328f3fdf52b5cab147e32f5b34914c0722d54eb8a6f0a0,image/jpeg,1,assets/collagen/day-05/D05_002_IMAGE.jpg,https://manybot-thumbnails.s3.eu-central-1.amazonaws.com/fb688444/ca/big_1d013341f631f48ad9173ae3201e01da.jpg,
5,3,image,downloaded,77575,d41ee9ab197825bbedb7d07ba60d7ca8e1730cf4939a3297a302f49dc3ed95ed,image/jpeg,1,assets/collagen/day-05/D05_003_IMAGE.jpg,https://manybot-thumbnails.s3.eu-central-1.amazonaws.com/fb688444/ca/big_d986f1b6f201725d354c272fdd017d5e.jpg,
5,4,image,downloaded,83143,1a5b7e84d0442fc98bb3b34001da26d272436bcb42680b44a2eb5f0b6aa7c374,image/jpeg,1,assets/collagen/day-05/D05_004_IMAGE.jpg,https://manybot-thumbnails.s3.eu-central-1.amazonaws.com/fb688444/ca/big_6535f989acf798576539b81855e15855.jpg,
5,5,image,downloaded,67605,cf50c584c14adc6e66b96feb1350975947fcda155d6646e6daa4477545ff5a33,image/jpeg,1,assets/collagen/day-05/D05_005_IMAGE.jpg,https://manybot-thumbnails.s3.eu-central-1.amazonaws.com/fb688444/ca/big_867056b65861f6256efe94b6953b89af.jpg,
5,6,image,downloaded,69482,b89ea511994978d7e37473bef3d56ee6527762479f121c701ff2207182ad965c,image/jpeg,1,assets/collagen/day-05/D05_006_IMAGE.jpg,https://manybot-thumbnails.s3.eu-central-1.amazonaws.com/fb688444/ca/big_81e79eb1eea85343fcbed85b05163b3a.jpg,
6,1,image,downloaded,140836,86851b77964d40961f518a2bde8fd17ebd6402e76269fe18cb9a03fc2a115783,image/jpeg,1,assets/collagen/day-06/D06_001_IMAGE.jpg,https://manybot-thumbnails.s3.eu-central-1.amazonaws.com/fb688444/ca/big_5a01259ec89761255abd3541d2224cb7.jpg,
6,2,image,downloaded,169340,345ed2760c542754353a36e5f29ea3f6710953cdc7cd8e87d808ec86d18b9459,image/jpeg,1,assets/collagen/day-06/D06_002_IMAGE.jpg,https://manybot-thumbnails.s3.eu-central-1.amazonaws.com/fb688444/ca/big_b9194926393c6780d8ca2fb0ff2e9366.jpg,
6,3,image,downloaded,133693,d20ecc491157aa3fa03f6f6258e42719da3561b70620f8a6aa2071ee27c928ba,image/jpeg,1,assets/collagen/day-06/D06_003_IMAGE.jpg,https://manybot-thumbnails.s3.eu-central-1.amazonaws.com/fb688444/ca/big_e712916e2768a948da81b6a39de4ccd4.jpg,
6,4,image,downloaded,154527,cfaa67cae70b6c469ee50175e65cd6090e00cb4668c5b39ee0d9eeb4545401a9,image/jpeg,1,assets/collagen/day-06/D06_004_IMAGE.jpg,https://manybot-thumbnails.s3.eu-central-1.amazonaws.com/fb688444/ca/big_391ac79f0bdc004133e2bc44b089fc43.jpg,
6,5,image,downloaded,454587,03ebbf8eb8e279c5a7ff94970d22d0727c6381a2d91d71db9b1dce2570d127c4,image/jpeg,1,assets/collagen/day-06/D06_005_IMAGE.jpg,https://manybot-thumbnails.s3.eu-central-1.amazonaws.com/fb688444/ca/big_6732f9b4a689f9dfe7a50b65c206ceca.jpg,
6,6,video,downloaded,12305917,71a002d43425d4ab3130083b1a873f5a29c2b18b42bc058504fc1e6169e010d5,video/mp4,1,assets/collagen/day-06/D06_006_VIDEO.mp4,https://manybot-files.s3.eu-central-1.amazonaws.com/fb688444/ca/2025/06/27/2dbf275115d328de63655d4ecb5ec4ec/6.mp4,
6,7,image,downloaded,63614,78beda6de4d2196fc09b4ec84fbd0ddfb6b661dd19dd2a409e3a82f3349f0faa,image/jpeg,1,assets/collagen/day-06/D06_007_IMAGE.jpg,https://manybot-thumbnails.s3.eu-central-1.amazonaws.com/fb688444/ca/big_a5e1cc93cc5e86cc877696a29cbd2e7f.jpeg,
6,8,video,downloaded,1108540,dc28917671e99c2672ca7c264b848da8595ede9936a46ec1d3c33f91d6a00e2d,video/mp4,1,assets/collagen/day-06/D06_008_VIDEO.mp4,https://manybot-files.s3.eu-central-1.amazonaws.com/fb526953/ca/2023/05/17/8fedf7b8849f4de9b1e9b8d7fc15de25/6.mp4,
6,9,video,downloaded,1390119,949bcd9c910708c5882bb5ef7b195d238dc7b121269baf791981ae8ddff1fb94,video/mp4,1,assets/collagen/day-06/D06_009_VIDEO.mp4,https://manybot-files.s3.eu-central-1.amazonaws.com/fb526953/ca/2023/05/17/179030e4d787178f8224e54722f8524f/7.mp4,
6,10,video,downloaded,1201524,f6c33fec72d8e03379cff86e2b7552ef7a52b0b744dbc0a8a22be462026195af,video/mp4,1,assets/collagen/day-06/D06_010_VIDEO.mp4,https://manybot-files.s3.eu-central-1.amazonaws.com/fb526953/ca/2023/05/17/9dd8ae0f7433a6d015ed96a5e8ba2898/8.mp4,
6,11,video,downloaded,1514291,7ee7fb4de0594ff3091ea70eaeea5e6118535e9459b059dd5299f4507861ea2e,video/mp4,1,assets/collagen/day-06/D06_011_VIDEO.mp4,https://manybot-files.s3.eu-central-1.amazonaws.com/fb526953/ca/2023/05/17/4953a38039e712336301f11f56dde328/9.mp4,
7,1,video,downloaded,3541857,5fca31970d4b8d59f7f15038be04c6e4ad3044ed825a2f1dc87eacf4443c6594,video/mp4,1,assets/collagen/day-07/D07_001_VIDEO.mp4,https://manybot-files.s3.eu-central-1.amazonaws.com/fb688444/ca/2025/06/28/dfab203556ac655d4d40ba9b6d26aac0/WhatsApp_Video_2025-06-28_at_18.18.57.mp4,
7,2,image,downloaded,102094,2449860cd6d3ffdd33cc2ff4ea7da9f3564e6f0dfa3f3a20ea24aa8101c093a9,image/jpeg,1,assets/collagen/day-07/D07_002_IMAGE.jpg,https://manybot-thumbnails.s3.eu-central-1.amazonaws.com/fb688444/ca/big_342e2ab8deda0ae9ffaaecce845099c9.jpg,
7,3,image,downloaded,175734,6bde7b3a93c23c3d54f638931394a6ff4dcdf44ee413076fff7ec63fda14390f,image/jpeg,1,assets/collagen/day-07/D07_003_IMAGE.jpg,https://manybot-thumbnails.s3.eu-central-1.amazonaws.com/fb688444/ca/big_44e9e56c2f5849a8705fcb64e0c3fe46.jpg,
7,4,image,downloaded,169458,5af9d490d957d13be5031d57d19141d76be233bf91872bb1d68bcfc13eb599e7,image/jpeg,1,assets/collagen/day-07/D07_004_IMAGE.jpg,https://manybot-thumbnails.s3.eu-central-1.amazonaws.com/fb688444/ca/big_8ae72833b55a2ae47f085a70a1d06967.jpg,
7,5,video,downloaded,6900237,8b5ae664b4b0f3813d42f3a75ac6f18da0f6ce173a2e5146eac340d44a577a9c,video/mp4,1,assets/collagen/day-07/D07_005_VIDEO.mp4,https://manybot-files.s3.eu-central-1.amazonaws.com/fb688444/ca/2025/06/28/4d7f181368c76a277b2d4b1ecd809f41/5.mp4,
8,1,document,downloaded,1101481,a5ae5ce920f568fe3e9cff3a52693d21f879ed491f00dea9662111b22884cf19,application/pdf,1,assets/collagen/day-08/D08_001_DOCUMENT.pdf,https://manybot-files.s3.eu-central-1.amazonaws.com/fb526953/ca/2023/05/22/d83a02e5dd64ed0462b032dfd97e14b0/ar-beauty-focus-collagen-plus-pip.pdf,
8,2,video,downloaded,4003475,572b85573671e2968cee0bd538bcbdbe40634d6cd489d724f3192cd5e2b76032,video/mp4,1,assets/collagen/day-08/D08_002_VIDEO.mp4,https://manybot-files.s3.eu-central-1.amazonaws.com/fb688444/ca/2025/06/28/3a0f8c39828096c901229e20fd3c6b3e/WhatsApp_Video_2025-06-28_at_18.21.52.mp4,
8,3,video,downloaded,4511395,2b6dbba736c6054c8e123937d2ce9de2d6643e0bbf994327dc0b670ae4a0beec,video/mp4,1,assets/collagen/day-08/D08_003_VIDEO.mp4,https://manybot-files.s3.eu-central-1.amazonaws.com/fb688444/ca/2025/06/28/0695509b5b91f0bf7a597ab0b4edd771/WhatsApp_Video_2025-06-28_at_18.26.40.mp4,
8,4,video,downloaded,4519539,e1104e013c5dfdfb54d7d63f2fb6d2a53e5ec0cea9d78841d3d36e2e79565194,video/mp4,1,assets/collagen/day-08/D08_004_VIDEO.mp4,https://manybot-files.s3.eu-central-1.amazonaws.com/fb688444/ca/2025/06/28/5abc5a0b4f5167c9b1b5e6f210ec678f/WhatsApp_Video_2025-06-28_at_18.26.43.mp4,
8,5,image,downloaded,921161,d89395c65dc6352c9557a1a52a2257c3d7a57944950868b9c450d836a151fd5f,image/jpeg,1,assets/collagen/day-08/D08_005_IMAGE.jpg,https://manybot-thumbnails.s3.eu-central-1.amazonaws.com/fb688444/ca/big_ab9febe89b46f645148df8cecb70b27a.jpg,
8,6,image,downloaded,958729,56a7912a9c8a63f4efd258713ea6d45fa16376a7b186e310612214cbc556115e,image/jpeg,1,assets/collagen/day-08/D08_006_IMAGE.jpg,https://manybot-thumbnails.s3.eu-central-1.amazonaws.com/fb688444/ca/big_055cf317abdc1689072e34142e79894c.jpg,
8,7,image,downloaded,339345,9c883269dff074239e192e454d5f9f96484df1ebf3fe07c25f670d494c5b1143,image/jpeg,1,assets/collagen/day-08/D08_007_IMAGE.jpg,https://manybot-thumbnails.s3.eu-central-1.amazonaws.com/fb688444/ca/big_6dd659971182451fb06ae85246ca2c35.jpg,
9,1,image,downloaded,248993,faa16449bd869df40c7894d86b28a9754a3b3b7ee48add684d796e8d4305585b,image/jpeg,1,assets/collagen/day-09/D09_001_IMAGE.jpg,https://manybot-thumbnails.s3.eu-central-1.amazonaws.com/fb688444/ca/big_db90b9f87ea459aac5019944431dbc0e.jpg,
9,2,image,downloaded,269377,74602f63ba4dbc90375430c653f5831fe133e86b7195bec67ac1275466c99625,image/jpeg,1,assets/collagen/day-09/D09_002_IMAGE.jpg,https://manybot-thumbnails.s3.eu-central-1.amazonaws.com/fb688444/ca/big_07d7d6b5a76b099deb02395bfca2531f.jpg,
9,3,image,downloaded,258811,6b0163981871b93cc578265c71a255bb81b6eef0ad6956f9e9cfe37052f6c074,image/jpeg,1,assets/collagen/day-09/D09_003_IMAGE.jpg,https://manybot-thumbnails.s3.eu-central-1.amazonaws.com/fb688444/ca/big_6aa30980c4cdf361745699ebaf7db729.jpg,
9,4,video,downloaded,14836615,442cac596fe4f4404e59778150418d3eaa4e2f166b702c2de31edae775a49bc2,video/mp4,1,assets/collagen/day-09/D09_004_VIDEO.mp4,https://manybot-files.s3.eu-central-1.amazonaws.com/fb688444/ca/2025/06/28/ae95e829e84b3e84660e59ffb2e8e9b7/4.mp4,
9,5,image,downloaded,170693,880a7b92c2a1b238253f500ae4ee1350b708a9965ecd3b9f9266251d26b77da3,image/jpeg,1,assets/collagen/day-09/D09_005_IMAGE.jpg,https://manybot-thumbnails.s3.eu-central-1.amazonaws.com/fb688444/ca/big_be6637071dea6ee532155ecc1318f059.jpg,
10,1,image,downloaded,217606,8b418aa666d98ed4b81acfeeea13b13d4b4988e345f5c7726597c299ee7a2984,image/jpeg,1,assets/collagen/day-10/D10_001_IMAGE.jpg,https://manybot-thumbnails.s3.eu-central-1.amazonaws.com/fb688444/ca/big_fffbeca54a8ebb74e82e06db3c01baac.jpg,
10,2,image,downloaded,199687,6f4329c236c2ab041023f49f9ada1dae9d25ae7045521d803f3614de8b238c20,image/jpeg,1,assets/collagen/day-10/D10_002_IMAGE.jpg,https://manybot-thumbnails.s3.eu-central-1.amazonaws.com/fb688444/ca/big_cb5f5be9bd23ecb178bc2a3af4bd507b.jpg,
10,3,image,downloaded,200566,7f638d0e59cf049e349d8eb1068669f4f24f322105aa3ffdf5c3a678c763a0d8,image/jpeg,1,assets/collagen/day-10/D10_003_IMAGE.jpg,https://manybot-thumbnails.s3.eu-central-1.amazonaws.com/fb688444/ca/big_b0a65327400b8bf16a60c3331a313e51.jpg,
10,4,image,downloaded,244292,833467558e0de06254498358b7bb14e02f25e8304a118c909f9412c641d2e0f0,image/jpeg,1,assets/collagen/day-10/D10_004_IMAGE.jpg,https://manybot-thumbnails.s3.eu-central-1.amazonaws.com/fb688444/ca/big_2bd1373215d1c6728043c4dd48a7823d.jpg,
10,5,image,downloaded,248052,aa7a340b090ea1fbd1bc60de2f33c53cac595be33e33b62b5aafc548021a858a,image/jpeg,1,assets/collagen/day-10/D10_005_IMAGE.jpg,https://manybot-thumbnails.s3.eu-central-1.amazonaws.com/fb688444/ca/big_7b8b35bed979a08ba45f2abd25f831cb.jpg,
10,6,image,downloaded,205054,ef487643456bb841704ce9a2fd1d3e5e131ef2d0dd66db7e2d35e1bdcf089794,image/jpeg,1,assets/collagen/day-10/D10_006_IMAGE.jpg,https://manybot-thumbnails.s3.eu-central-1.amazonaws.com/fb688444/ca/big_25154aa4a49f040d50a74245a7ce7bff.jpg,
11,1,video,downloaded,7024163,06b4190bec852f0cdde66d3f9b9ec736ac1d715828389207cac2028b103e9699,video/mp4,1,assets/collagen/day-11/D11_001_VIDEO.mp4,https://manybot-files.s3.eu-central-1.amazonaws.com/fb526953/ca/2023/06/12/d90dcaf64aa3f1bc1d250eda13c2113c/WhatsApp_Video_2023-03-27_at_10.18.17.mp4,
11,2,image,downloaded,247913,386da54c2e1f5126e5c35caf50ca59c0d4967e449c11f3bdba33268010720a20,image/jpeg,1,assets/collagen/day-11/D11_002_IMAGE.jpg,https://manybot-thumbnails.s3.eu-central-1.amazonaws.com/fb688444/ca/big_5d4516d5bdbaa7fd392a7a0ca940dff5.jpg,
11,3,image,downloaded,174482,ef5f9371f73e68cc2b65d378bcc68d7d350d5e68b615d47114c4b17672d428d0,image/jpeg,1,assets/collagen/day-11/D11_003_IMAGE.jpg,https://manybot-thumbnails.s3.eu-central-1.amazonaws.com/fb688444/ca/big_0df052a1e88f9cb890db374579fa5d8f.jpg,
11,4,image,downloaded,299308,dbc15e95259fb39281b2ddfc46cb5cc112888b39c415e1d55a834237c1ca9bbd,image/jpeg,1,assets/collagen/day-11/D11_004_IMAGE.jpg,https://manybot-thumbnails.s3.eu-central-1.amazonaws.com/fb688444/ca/big_c25333b24b4ecc72e4710b2bfd0f81ba.jpg,
11,5,image,downloaded,149662,e46d8706826883fd8dfaba9d7a88a6e678ec5c3bd9c39d668c99d927e13b7886,image/jpeg,1,assets/collagen/day-11/D11_005_IMAGE.jpg,https://manybot-thumbnails.s3.eu-central-1.amazonaws.com/fb688444/ca/big_564d5dc0a73cd4d0d3f533a46dc3b9bc.jpg,
11,6,image,downloaded,494922,fcb5d4ca034cb55406cdae98331607fe2a12f0cf9c2d66a3c4fa9724968f32b1,image/jpeg,1,assets/collagen/day-11/D11_006_IMAGE.jpg,https://manybot-thumbnails.s3.eu-central-1.amazonaws.com/fb688444/ca/big_49b99fcb17c82722f87afb62b876773f.jpg,
11,7,image,downloaded,164518,e66ce61e218b78da5cbbbe99636efddab90088c778612ab281381dcbda996c57,image/jpeg,1,assets/collagen/day-11/D11_007_IMAGE.jpg,https://manybot-thumbnails.s3.eu-central-1.amazonaws.com/fb688444/ca/big_f4723bc175f2be142810f5443f13ea8b.jpg,
12,1,video,downloaded,345425,cb20c3b98de0a11413dd919a2b840ff73055f61abae1903b8d02a11f596a07f8,video/mp4,1,assets/collagen/day-12/D12_001_VIDEO.mp4,https://manybot-files.s3.eu-central-1.amazonaws.com/fb688444/ca/2025/06/28/36e278909ea37275131b05311f4a23df/WhatsApp_Video_2025-06-28_at_18.34.55.mp4,
12,2,video,downloaded,361238,242078ba8090bb7ce7c026cd44b10e9a391e2dab1bc1dea1e0ecc254ce0d386e,video/mp4,1,assets/collagen/day-12/D12_002_VIDEO.mp4,https://manybot-files.s3.eu-central-1.amazonaws.com/fb688444/ca/2025/06/28/bbecb5441ff5ba98647f333e5a3bce2f/WhatsApp_Video_2025-06-28_at_18.34.56.mp4,
12,3,video,downloaded,429967,0ea2e65eb71917757a6ff53eb5833e815a4ef05468dbc3ce2fa05296271d5656,video/mp4,1,assets/collagen/day-12/D12_003_VIDEO.mp4,https://manybot-files.s3.eu-central-1.amazonaws.com/fb688444/ca/2025/06/28/ddc4512ed402837de5fac1a9f73fdf3c/WhatsApp_Video_2025-06-28_at_18.34.57.mp4,
12,4,video,downloaded,370234,609c31be3d3254fbf7c7e5b8bef93d86a25c4935b0f0dc752a093992c4adfa47,video/mp4,1,assets/collagen/day-12/D12_004_VIDEO.mp4,https://manybot-files.s3.eu-central-1.amazonaws.com/fb688444/ca/2025/06/28/aac929ecd423e5ae44553597d89dfad6/WhatsApp_Video_2025-06-28_at_18.34.58.mp4,
12,5,video,downloaded,453010,eee4dc020793c362b6150416ddecef8ddc6d46d5f4a0f21ea7765ccb412f8b6c,video/mp4,1,assets/collagen/day-12/D12_005_VIDEO.mp4,https://manybot-files.s3.eu-central-1.amazonaws.com/fb688444/ca/2025/06/28/0b06416aae14d9612b1859cef00f639e.mp4,
12,6,video,downloaded,345845,d56ecdeb5739cb1bfd4eb839651078d1fcf97874b42f5eb235d4c0ddd44f2ab0,video/mp4,1,assets/collagen/day-12/D12_006_VIDEO.mp4,https://manybot-files.s3.eu-central-1.amazonaws.com/fb688444/ca/2025/06/28/b1de8194edae8ad6d553bbfebb8414fe/WhatsApp_Video_2025-06-28_at_18.34.59.mp4,
12,7,video,downloaded,425555,2d833a0aaece22eb3d50ba46fffdfe9a130014e138ab1ba4a2b5cf0af74910d3,video/mp4,1,assets/collagen/day-12/D12_007_VIDEO.mp4,https://manybot-files.s3.eu-central-1.amazonaws.com/fb688444/ca/2025/06/28/a0104fac067b7e577133fccafdac39ef/WhatsApp_Video_2025-06-28_at_18.35.00.mp4,
12,8,video,downloaded,371595,8f90ddf5c6af889d02bf0645a4cfcbebce6d8d945ecacc150c7685582ef61410,video/mp4,1,assets/collagen/day-12/D12_008_VIDEO.mp4,https://manybot-files.s3.eu-central-1.amazonaws.com/fb688444/ca/2025/06/28/b202f61ff4580bed1aa66f8dd7965e1c/WhatsApp_Video_2025-06-28_at_18.35.01.mp4,
12,9,video,downloaded,439809,a2325578f1a2b00d388bc83a1b8f209dc20fca82334d76663b052ac31dc0a3d2,video/mp4,1,assets/collagen/day-12/D12_009_VIDEO.mp4,https://manybot-files.s3.eu-central-1.amazonaws.com/fb688444/ca/2025/06/28/5c32f7ed72951eebccdbca4bae171b6c.mp4,
13,1,video,downloaded,1505095,75e02d68408fec15f616d7c7dfc0b054b56dc7f644c6890f18060376e43ea001,video/mp4,1,assets/collagen/day-13/D13_001_VIDEO.mp4,https://manybot-files.s3.eu-central-1.amazonaws.com/fb526953/ca/2023/05/22/f21e70d9afcf871a833ab6194ecbbcae/WhatsApp_Video_2023-05-22_at_12.48.46.mp4,
13,2,image,downloaded,276914,48e374efc4f811b5c8a194113538611c8c40000735e26487a02bf3053cdf9b1c,image/jpeg,1,assets/collagen/day-13/D13_002_IMAGE.jpg,https://manybot-thumbnails.s3.eu-central-1.amazonaws.com/fb688444/ca/big_e579f772e8700cedfd91f269ec81f87b.jpg,
13,3,video,downloaded,6505077,aca3dcccb9a6cbd6bafe735d1034440b1c0ee482af451cdb28044e8d7ee53ef8,video/mp4,1,assets/collagen/day-13/D13_003_VIDEO.mp4,https://manybot-files.s3.eu-central-1.amazonaws.com/fb688444/ca/2025/06/28/96bdba390da46d86194a0b8d0ceec173/WhatsApp_Video_2025-06-28_at_18.47.16.mp4,
13,4,image,downloaded,213420,d28cccb2f5a6aa85bb19b843f3daac440887e256a794d5e82cc8bcde31403547,image/jpeg,1,assets/collagen/day-13/D13_004_IMAGE.jpg,https://manybot-thumbnails.s3.eu-central-1.amazonaws.com/fb688444/ca/big_c523da627b60270a6f51a8445e9b910a.jpg,
13,5,image,downloaded,288872,2e6abd01c0a94cfdedfa9e119d1bb137324fabf59862e217d63f7ff05dd90a3a,image/jpeg,1,assets/collagen/day-13/D13_005_IMAGE.jpg,https://manybot-thumbnails.s3.eu-central-1.amazonaws.com/fb688444/ca/big_459270beb79cb086ec277645c99f5b88.JPG,
13,6,image,downloaded,1427418,e5b409b9339367c332eed6dd461dc51a36c939c62d49aac2dc441e718c9767e3,image/png,1,assets/collagen/day-13/D13_006_IMAGE.png,https://manybot-thumbnails.s3.eu-central-1.amazonaws.com/fb688444/ca/big_7f768de46a20694d731a7eac6e79c84d.PNG,
13,7,image,downloaded,132045,e3b96b46fa3023767272fd58614ec396b52d134a9d23bae78f17823bfee5838f,image/jpeg,1,assets/collagen/day-13/D13_007_IMAGE.jpg,https://manybot-thumbnails.s3.eu-central-1.amazonaws.com/fb688444/ca/big_771394fa5f4ee752389686b9ef8ab4ed.jpg,
14,1,image,downloaded,195248,ae83f4496143fb3a0a7a68513cdae6fd11f58518b0b01dd343b1471af8091aa4,image/jpeg,1,assets/collagen/day-14/D14_001_IMAGE.jpg,https://manybot-thumbnails.s3.eu-central-1.amazonaws.com/fb688444/ca/big_38c0fcb7b3d84c51d4827ec09c9aa9a6.jpg,
14,2,video,downloaded,6240525,30ce7a81b10f76c6e54393fc6503a882b7d5bfb925cfdca134f364dada610a3c,video/mp4,1,assets/collagen/day-14/D14_002_VIDEO.mp4,https://manybot-files.s3.eu-central-1.amazonaws.com/fb688444/ca/2025/06/28/3d52d614d4aaf49a5fb8417164b7bd3d/2.mp4,
14,3,video,downloaded,2790741,0fe1bc48aa187b9483d1033580271878a51d6d002776e0fdd17998c2b8fc054b,video/mp4,1,assets/collagen/day-14/D14_003_VIDEO.mp4,https://manybot-files.s3.eu-central-1.amazonaws.com/fb688444/ca/2025/06/28/e1bc263a3da9760314847c5a2cbb2543/3.mp4,
14,4,image,downloaded,136174,ddd6ebf374b3648aba993339328163337d4f8cea8987934f8c55f3049fe42bc4,image/jpeg,1,assets/collagen/day-14/D14_004_IMAGE.jpg,https://manybot-thumbnails.s3.eu-central-1.amazonaws.com/fb688444/ca/big_16346fe6792b1776c293e3850fc1c9c7.jpg,
14,5,image,downloaded,148973,52c2128a8ce1fdac24fafb7d911f6c5a8c95787283a54519e351bbe05ba6ae7f,image/jpeg,1,assets/collagen/day-14/D14_005_IMAGE.jpg,https://manybot-thumbnails.s3.eu-central-1.amazonaws.com/fb688444/ca/big_a5e6b0173cb385a638db28045d22d962.jpg,
14,6,image,downloaded,189449,f3e9a245648b78d9eec1d18a7faaed79729b5ba399ef8ca99c7eb7bbc3a40eb5,image/jpeg,1,assets/collagen/day-14/D14_006_IMAGE.jpg,https://manybot-thumbnails.s3.eu-central-1.amazonaws.com/fb688444/ca/big_815664f1b9627f5fae700c75f367ed49.jpg,
15,1,video,downloaded,5104468,738d4a36382dd2633d3636ea676065feca2c359d627219224f61ed8fda52a407,video/mp4,1,assets/collagen/day-15/D15_001_VIDEO.mp4,https://manybot-files.s3.eu-central-1.amazonaws.com/fb688444/ca/2025/06/28/21d310adec0f88ff95ea9204e9e5d95c/1.mp4,
15,2,video,downloaded,2048593,d2234f3dc8e48609ab6bb28618168019b283676c419f90926bf2af3795546008,video/mp4,1,assets/collagen/day-15/D15_002_VIDEO.mp4,https://manybot-files.s3.eu-central-1.amazonaws.com/fb688444/ca/2025/06/28/cbdaefd7768f45ae1e3dd7a391369c34/2.mp4,
15,3,video,downloaded,6786767,991cfcb6045a0aa5f520bb6889397f20a4bd119fd3133e6e9846f50e719787be,video/mp4,1,assets/collagen/day-15/D15_003_VIDEO.mp4,https://manybot-files.s3.eu-central-1.amazonaws.com/fb688444/ca/2025/06/28/68b4a096511c9f8aff353dc567b4796f/3.mp4,
15,4,video,downloaded,7080181,9f13bbcc455b14983c8b33c631c19bdaa0d04619ccc8ea56bfca4a0327f97270,video/mp4,1,assets/collagen/day-15/D15_004_VIDEO.mp4,https://manybot-files.s3.eu-central-1.amazonaws.com/fb688444/ca/2025/06/28/083c3d0b47c25ebbd8a1df634bf3f64a/4.mp4,
15,5,image,downloaded,92084,d7d5e095e2c3f825bf8045da7083d434aab9eb98565ba767d05268efc644a829,image/jpeg,1,assets/collagen/day-15/D15_005_IMAGE.jpg,https://manybot-thumbnails.s3.eu-central-1.amazonaws.com/fb688444/ca/big_09a3a0a0aaeb361fbc1ea1a7404c76c6.jpg,
15,6,video,downloaded,7500727,6fe19069cdecc95dddcb4c7a8bc5f5c03275b00afbc4ad84535ad266724b805f,video/mp4,1,assets/collagen/day-15/D15_006_VIDEO.mp4,https://manybot-files.s3.eu-central-1.amazonaws.com/fb688444/ca/2025/06/28/9678a2307046de0ebba0a17073a96133/6.mp4,
16,1,video,downloaded,7789229,abf7be281d6c7012eac1d5a0526476744a532fefb65b51f998340830fa1998b6,video/mp4,1,assets/collagen/day-16/D16_001_VIDEO.mp4,https://manybot-files.s3.eu-central-1.amazonaws.com/fb688444/ca/2025/07/13/77438442a1b1d5e2c93b8a2a186a576b/1_.mp4,
16,2,video,downloaded,7100945,120928d896d6a5a116637505be1fbaedf4f813bbaf18ed72b1a3c4c547fa2ebf,video/mp4,1,assets/collagen/day-16/D16_002_VIDEO.mp4,https://manybot-files.s3.eu-central-1.amazonaws.com/fb688444/ca/2025/07/13/de248394e6514f373fabb4a2e1bb6a3a.mp4,
16,3,image,downloaded,203998,eec7ccf10e6167ead92a065a2131f8b426ca0d7c7a49de1eced814d2582a488f,image/jpeg,1,assets/collagen/day-16/D16_003_IMAGE.jpg,https://manybot-thumbnails.s3.eu-central-1.amazonaws.com/fb688444/ca/big_b18c630002f6037a3f4d29f8e4495173.jpg,
16,4,image,downloaded,472770,f0dbc1eda268b6b44f39130a68ee9964ace7ada8804787e3d9c09f516557c53b,image/jpeg,1,assets/collagen/day-16/D16_004_IMAGE.jpg,https://manybot-thumbnails.s3.eu-central-1.amazonaws.com/fb688444/ca/big_6922fa2d3bc25b5970abba8ed5d62bce.jpg,
16,5,video,downloaded,6455892,544325b6bbaaccf4cf67e356cb9a2ebe3409ba1943c97e3fd87bd3ef8d8ac382,video/mp4,1,assets/collagen/day-16/D16_005_VIDEO.mp4,https://manybot-files.s3.eu-central-1.amazonaws.com/fb688444/ca/2025/07/13/6599be6ff6899e661f45822659ba9ee5/5.mp4,
17,1,image,downloaded,77680,885559ce397cf1e86b8c2e524b9d2bd55b551c72a90936b58eb5020ebfe299b9,image/jpeg,1,assets/collagen/day-17/D17_001_IMAGE.jpg,https://manybot-thumbnails.s3.eu-central-1.amazonaws.com/fb688444/ca/big_034706c66b817b06b9a657a88b4be33c.jpg,
17,2,image,downloaded,84383,47bfba241851e4b9848e0946722e82c323bf152a1b9b6a8c728a1cad7919ef12,image/jpeg,1,assets/collagen/day-17/D17_002_IMAGE.jpg,https://manybot-thumbnails.s3.eu-central-1.amazonaws.com/fb688444/ca/big_059dba989f4f45a1a032db7d74dfcc4e.jpg,
17,3,image,downloaded,69504,aed960502a1ba292d2cf7fc5cc8eaa56fccefc7678b79079638e86e6fc323d4b,image/jpeg,1,assets/collagen/day-17/D17_003_IMAGE.jpg,https://manybot-thumbnails.s3.eu-central-1.amazonaws.com/fb688444/ca/big_54ddc029d0b2eabf3501c9d312153fbe.jpg,
17,4,video,downloaded,6283480,26f235b13fb9f63ad0dc658dc8d7f979b31c114994f2136533b15a50eedfae30,video/mp4,1,assets/collagen/day-17/D17_004_VIDEO.mp4,https://manybot-files.s3.eu-central-1.amazonaws.com/fb688444/ca/2025/07/13/20172e602267e630baa9d3cee61b0465/4.mp4,
17,5,video,downloaded,5627992,4d604b0b5477b2f1984b1c6514ffc7c68abbef7e14f24369804ae96f5268f084,video/mp4,1,assets/collagen/day-17/D17_005_VIDEO.mp4,https://manybot-files.s3.eu-central-1.amazonaws.com/fb688444/ca/2025/07/13/3f16972501c3e5c816a248760dec264d/5.mp4,
17,6,image,downloaded,49273,9b999ee56b678df58ad4d423e149a3f3d0f233c2a834a8ee898fbcdc1232a721,image/jpeg,1,assets/collagen/day-17/D17_006_IMAGE.jpg,https://manybot-thumbnails.s3.eu-central-1.amazonaws.com/fb688444/ca/big_a3e7de15b7c6ce5915c348e48cf39fb0.jpg,
18,1,image,downloaded,195774,6b7fbfb6a3940eba243d130c11fa6056c84916549fc594c1702e951df1f531d0,image/jpeg,1,assets/collagen/day-18/D18_001_IMAGE.jpg,https://manybot-thumbnails.s3.eu-central-1.amazonaws.com/fb688444/ca/big_13af75d8d286ca9e50f0c781a5281a61.jpg,
18,2,video,downloaded,3727751,07f96a25427a16bfa4feff18b231d60f655a8d0e07cee9893b4b78815d0ade7a,video/mp4,1,assets/collagen/day-18/D18_002_VIDEO.mp4,https://manybot-files.s3.eu-central-1.amazonaws.com/fb688444/ca/2025/07/13/b8428d57ae33b98cc415027f7a57ad4f.mp4,
18,3,video,downloaded,3690037,37174b00cf9f2825d4dc5cdfb3942b7d2d8058fa7f51d0aa1560911d1a300760,video/mp4,1,assets/collagen/day-18/D18_003_VIDEO.mp4,https://manybot-files.s3.eu-central-1.amazonaws.com/fb688444/ca/2025/07/13/c4d687924b17d2ac381c45b6f8a72526.mp4,
18,4,video,downloaded,3582403,181aca601f16345dcb49512d042465b475dddfbae2b539b61f19453c3d68a65d,video/mp4,1,assets/collagen/day-18/D18_004_VIDEO.mp4,https://manybot-files.s3.eu-central-1.amazonaws.com/fb688444/ca/2025/07/13/98c8b03985b7b2e49041b6bbd47e4209.mp4,
18,5,video,downloaded,3531422,5125a31884cfaef4483b86f54227fd0482b25ace3b07dc86ee10ac059b4900ee,video/mp4,1,assets/collagen/day-18/D18_005_VIDEO.mp4,https://manybot-files.s3.eu-central-1.amazonaws.com/fb688444/ca/2025/07/13/126290a137001c71ccb29585e2331d54/5.mp4,
18,6,video,downloaded,7747097,7e0214ab77ebff94917c6f1cac1c11a6f530e05144e92cbfe5e24a34cd820860,video/mp4,1,assets/collagen/day-18/D18_006_VIDEO.mp4,https://manybot-files.s3.eu-central-1.amazonaws.com/fb688444/ca/2025/07/13/e4651db00454b1d6137e76e2b0b03c38/6.mp4,
19,1,image,downloaded,67944,4397d67e38b6513c231436a43bb28ee845c8fe5bf05ae6c39d3c9064816f529b,image/jpeg,1,assets/collagen/day-19/D19_001_IMAGE.jpg,https://manybot-thumbnails.s3.eu-central-1.amazonaws.com/fb688444/ca/big_ef16591f436dd9b7b774235dabe7692e.jpg,
19,2,image,downloaded,101687,2a9661d2f6a3e601d19b20c434e6b8fba6ce670120bfc31669bcedf13a58c4de,image/jpeg,1,assets/collagen/day-19/D19_002_IMAGE.jpg,https://manybot-thumbnails.s3.eu-central-1.amazonaws.com/fb688444/ca/big_a5b1b98b00ff444ec6a82a6b7ce7a68e.jpg,
19,3,video,downloaded,635300,bea350b6defb51a48ae45e09838b9b435df84283f6f4d17c0febaac8feadc58b,video/mp4,1,assets/collagen/day-19/D19_003_VIDEO.mp4,https://manybot-files.s3.eu-central-1.amazonaws.com/fb688444/ca/2025/07/13/c55b2dc04050ed844d6d9773e54ecff0/3.mp4,
19,4,image,downloaded,182797,746469bf84d63121271ac3a59ed822564fbe32558b8736d245ee4504d7e9be5d,image/jpeg,1,assets/collagen/day-19/D19_004_IMAGE.jpg,https://manybot-thumbnails.s3.eu-central-1.amazonaws.com/fb688444/ca/big_f3a25f850b1cd1e53b7dfd2f27af0ba3.jpg,
19,5,image,downloaded,149158,81c6d9dee006956914d826201ece6eea5566e62dab8beb32d308adf58074191b,image/jpeg,1,assets/collagen/day-19/D19_005_IMAGE.jpg,https://manybot-thumbnails.s3.eu-central-1.amazonaws.com/fb688444/ca/big_50d564502c207f8ae74f6888d45dba82.jpg,
19,6,image,downloaded,112858,86e1d070c1113b00a1919c69ee656863a2bd8157b48c4a12804df81c8c491898,image/jpeg,1,assets/collagen/day-19/D19_006_IMAGE.jpg,https://manybot-thumbnails.s3.eu-central-1.amazonaws.com/fb688444/ca/big_ea52497e18f7e51741cf41ad3e6edf31.jpg,
20,1,video,downloaded,7706550,bf6e15eff6b341c84b587e44c713a4922e61c07cf6a06faea8f19773d79265f3,video/mp4,1,assets/collagen/day-20/D20_001_VIDEO.mp4,https://manybot-files.s3.eu-central-1.amazonaws.com/fb526953/ca/2023/05/31/4a83d664468b8221b477375ecb1b07ff/Untitled.mp4,
20,2,image,downloaded,85966,fcedd54b39253775734c081ea7dc795e19658d8d2e55c16fd7c1c54eaf1d16d3,image/jpeg,1,assets/collagen/day-20/D20_002_IMAGE.jpg,https://manybot-thumbnails.s3.eu-central-1.amazonaws.com/fb526953/ca/big_3c1811ee2c26433d64806427b573044d.jpeg,
20,3,video,downloaded,2599304,925eedb12e58bb0b85d64255803b398a844442304ccbf36a15e222fe1418e42d,video/mp4,1,assets/collagen/day-20/D20_003_VIDEO.mp4,https://manybot-files.s3.eu-central-1.amazonaws.com/fb688444/ca/2025/07/13/732d75f0ec8a07d1ab6ef08564662eb2.mp4,
20,4,image,downloaded,139713,d9442137b79c4e0bd6e4b1771a199ec0d8dc68ed5670f874119b55c571be496c,image/jpeg,1,assets/collagen/day-20/D20_004_IMAGE.jpg,https://manybot-thumbnails.s3.eu-central-1.amazonaws.com/fb688444/ca/big_48be149f593e9014f9ff2342f76a1b89.jpg,
20,5,video,downloaded,1246563,f1138264bccb5af4721758d7cfa9792184c76cb3ffdeb967aa542f8fd145e7fe,video/mp4,1,assets/collagen/day-20/D20_005_VIDEO.mp4,https://manybot-files.s3.eu-central-1.amazonaws.com/fb688444/ca/2025/07/13/1d5d1f3849c88d5b176775ad52d05558.mp4,
20,6,video,downloaded,3261228,ff743da867a689a325a6edf4aa6ae84b1ab3671454e42ca68a438d645baab0ba,video/mp4,1,assets/collagen/day-20/D20_006_VIDEO.mp4,https://manybot-files.s3.eu-central-1.amazonaws.com/fb688444/ca/2025/07/13/cec630e115ea1548bad550cb170e51fd.mp4,
20,7,image,downloaded,157367,0ca986f00969a1d3ca8d929b3574254a4ece348da3705e20fecb98603aa2dce8,image/jpeg,1,assets/collagen/day-20/D20_007_IMAGE.jpg,https://manybot-thumbnails.s3.eu-central-1.amazonaws.com/fb688444/ca/big_740978b212565af25da1cf7379e2e599.jpg,
20,8,image,downloaded,183304,7c14d75a158ed41ba208478e1f70986f125bdb2c3411ee53266eb0df837b0ca5,image/jpeg,1,assets/collagen/day-20/D20_008_IMAGE.jpg,https://manybot-thumbnails.s3.eu-central-1.amazonaws.com/fb688444/ca/big_0fde5a8ea25bffbf89490cb7b2572557.jpg,
21,1,video,downloaded,11841310,22314532b81aa9fd482ee3f50ccf4ce4620ef46622fc25f6759524562b29ef2a,video/mp4,1,assets/collagen/day-21/D21_001_VIDEO.mp4,https://manybot-files.s3.eu-central-1.amazonaws.com/fb688444/ca/2025/07/13/175e4e5b8e087492f9655a06c3b56ee3/1.mp4,
21,2,image,downloaded,109830,fe120f6722ef299a43aadd2c57a580e0b50ce602b025fbeeb6b7f7d8b8f71c12,image/jpeg,1,assets/collagen/day-21/D21_002_IMAGE.jpg,https://manybot-thumbnails.s3.eu-central-1.amazonaws.com/fb688444/ca/big_6a2fcd7838f2a7b4c632a737cd42295c.jpg,
21,3,image,downloaded,111092,ad7c985f18cdead3d25d69b316ce2f19b158040ddb872cbd3492a2735bc62495,image/jpeg,1,assets/collagen/day-21/D21_003_IMAGE.jpg,https://manybot-thumbnails.s3.eu-central-1.amazonaws.com/fb688444/ca/big_634ed9734cf163fbca8aa64c9cfe6114.jpg,
21,4,image,downloaded,610105,0b1f9faea79dc06d1368fc00e7eeffbe52bc0687950283ff12ea5f23f9702ce1,image/jpeg,1,assets/collagen/day-21/D21_004_IMAGE.jpg,https://manybot-thumbnails.s3.eu-central-1.amazonaws.com/fb688444/ca/big_af5eb30207a20e780fafe1c5cbeec0b9.jpg,
21,5,image,downloaded,442215,b3ec6699093b028229f826a80ea5ed89d356fb650b7a85c53bfaa6933a020010,image/jpeg,1,assets/collagen/day-21/D21_005_IMAGE.jpg,https://manybot-thumbnails.s3.eu-central-1.amazonaws.com/fb688444/ca/big_0363257be29f0916c6c195bc80aa082e.jpg,
21,6,video,downloaded,1824838,a3e3ab8077456d62818a65b2f6b2587ddc8f35b24912d69727ab8a4dec680ed6,video/mp4,1,assets/collagen/day-21/D21_006_VIDEO.mp4,https://manybot-files.s3.eu-central-1.amazonaws.com/fb688444/ca/2025/07/13/007143f7181fd15d51008b4d04d8c132/6.mp4,
22,1,image,downloaded,73144,1be39a9d74599b98e4c54c199bc6fa6c23e1da14c9537d889e7a78ac0553b477,image/jpeg,1,assets/collagen/day-22/D22_001_IMAGE.jpg,https://manybot-thumbnails.s3.eu-central-1.amazonaws.com/fb688444/ca/big_3dd999a210a2194f69bffbcf91a41a96.jpg,
22,2,image,downloaded,80413,ec05a899c3d058613586206242a091101ea45a70cef06f516d5128f2d032a2e9,image/jpeg,1,assets/collagen/day-22/D22_002_IMAGE.jpg,https://manybot-thumbnails.s3.eu-central-1.amazonaws.com/fb688444/ca/big_7615ae40d52b15c410b72c15f38b6dfe.jpg,
22,3,image,downloaded,99545,848cc2b61cd7d31d114645fcad6eb2b4af602d953dc0eaa61c230c1829531fa3,image/jpeg,1,assets/collagen/day-22/D22_003_IMAGE.jpg,https://manybot-thumbnails.s3.eu-central-1.amazonaws.com/fb688444/ca/big_811dc942eaee54eb78101396862a98d2.jpg,
22,4,image,downloaded,99091,b2ce18c432c3205897f50a3d4feee12a05135cbe8a828a35b3bb752b4153fb15,image/jpeg,1,assets/collagen/day-22/D22_004_IMAGE.jpg,https://manybot-thumbnails.s3.eu-central-1.amazonaws.com/fb688444/ca/big_0d0ab554b333015644de9720d3b16d47.jpg,
22,5,video,downloaded,742673,e968685ed8d002590cb73b8d70f4ea465017da6238a0136429d34392395e469a,video/mp4,1,assets/collagen/day-22/D22_005_VIDEO.mp4,https://manybot-files.s3.eu-central-1.amazonaws.com/fb688444/ca/2025/07/13/c1d20f3c9540d9a298d53e01e27c0814/WhatsApp_Video_2025-07-13_at_10.13.35.mp4,
22,6,image,downloaded,385123,aff0cc00842b41be5240b4a3d26e69cd4111692cd4591078fbf44a0cdf67f30c,image/jpeg,1,assets/collagen/day-22/D22_006_IMAGE.jpg,https://manybot-thumbnails.s3.eu-central-1.amazonaws.com/fb688444/ca/big_e6321320a98fde79c67b915ab329fe70.jpg,
23,1,video,downloaded,9192062,fa9894149c62b2384529aefcc8472a52a5da0a94343e0f762e65ddcdf69a412a,video/mp4,1,assets/collagen/day-23/D23_001_VIDEO.mp4,https://manybot-files.s3.eu-central-1.amazonaws.com/fb688444/ca/2025/07/13/514dc2e64e1072b9eb5038747bfe0d5c/1.mp4,
23,2,image,downloaded,4601841,2ec2956d32b9a654ebc5c0f537f1205e439e3aa2eca77fd57d906927ab0e1e33,image/png,1,assets/collagen/day-23/D23_002_IMAGE.png,https://manybot-thumbnails.s3.eu-central-1.amazonaws.com/fb688444/ca/big_943a5c358c3d2b21f6db6048c94d53d1.png,
23,3,image,downloaded,185254,14644010aa7f25a048502e3d2e93a780cd96c78a5c511ba2ef13eb0b95339932,image/jpeg,1,assets/collagen/day-23/D23_003_IMAGE.jpg,https://manybot-thumbnails.s3.eu-central-1.amazonaws.com/fb688444/ca/big_faa0ed8df47e311a9803db1b85224969.jpg,
23,4,image,downloaded,78581,a7d6df4b3e2c3c4b914c241d8fb0d7b57a90ddd1d609dc235a07b59d50ec1f0c,image/jpeg,1,assets/collagen/day-23/D23_004_IMAGE.jpg,https://manybot-thumbnails.s3.eu-central-1.amazonaws.com/fb688444/ca/big_bee23b4ca6c12527ea61ae35ced21089.jpg,
23,5,image,downloaded,165711,0ef4a7ac00334a2e5824a5d0b53192b105b4bbe6cd85a9ca55374b0d70ae85c2,image/jpeg,1,assets/collagen/day-23/D23_005_IMAGE.jpg,https://manybot-thumbnails.s3.eu-central-1.amazonaws.com/fb688444/ca/big_695e125705f380ab4fd1c59dd544a20d.jpg,
23,6,video,downloaded,15550954,150c04abde0494f5d79429b5179145c98653f93ee1007800d79157ec3483eb8d,video/mp4,1,assets/collagen/day-23/D23_006_VIDEO.mp4,https://manybot-files.s3.eu-central-1.amazonaws.com/fb688444/ca/2025/07/13/eef52384bb10aef45ef797f6bb8098bc/6.mp4,
24,1,image,downloaded,89307,9e57eddacde7e01df3790c3fb81b4ed2eb302af323041259dd8efa432b18f450,image/jpeg,1,assets/collagen/day-24/D24_001_IMAGE.jpg,https://manybot-thumbnails.s3.eu-central-1.amazonaws.com/fb688444/ca/big_eaae435f63d4d57ece615edcde819608.jpg,
24,2,image,downloaded,100626,029c21e0fce44386bbe30b1832d049c7b38e2197c71a090e8d5db6a0aefca23c,image/jpeg,1,assets/collagen/day-24/D24_002_IMAGE.jpg,https://manybot-thumbnails.s3.eu-central-1.amazonaws.com/fb688444/ca/big_13eeb8e9c43df9314dc9da4cfc1dea4f.jpg,
24,3,image,downloaded,90327,a2e8a702aa4c4589506c670fbcab36dd479f0934baa4923a0661f6b1c501b8ef,image/jpeg,1,assets/collagen/day-24/D24_003_IMAGE.jpg,https://manybot-thumbnails.s3.eu-central-1.amazonaws.com/fb688444/ca/big_efd3f1096932e5b0602b3799122a6f28.jpg,
24,4,video,downloaded,229124,5a223f34dfc24355e43a5fc76459e1a73edb35b71149713287b91c1b80bc6ef0,video/mp4,1,assets/collagen/day-24/D24_004_VIDEO.mp4,https://manybot-files.s3.eu-central-1.amazonaws.com/fb688444/ca/2025/07/13/c7b16f51ecff1a25b3eb82f53f37687c/4.mp4,
24,5,image,downloaded,1567644,1be8a7cd77be4bdcf32e4e06b7fe4884dced622c75e7a6e97d8d0536ac1b0af0,image/png,1,assets/collagen/day-24/D24_005_IMAGE.png,https://manybot-thumbnails.s3.eu-central-1.amazonaws.com/fb688444/ca/big_56a499a6269a87e0e897981b66626d85.PNG,
24,6,image,downloaded,452370,d081b337c561b529c273969d682ed9b59c446c6e48f0b9564cd7f43f5fb1a10e,image/jpeg,1,assets/collagen/day-24/D24_006_IMAGE.jpg,https://manybot-thumbnails.s3.eu-central-1.amazonaws.com/fb688444/ca/big_de7f6dbd8f7c5c9dd18358d08366301a.jpg,
25,1,video,downloaded,10516101,fb2cda2223cc5457e57f473e9b070314d2374cfc743007efd2e8a7436ddc7701,video/mp4,1,assets/collagen/day-25/D25_001_VIDEO.mp4,https://manybot-files.s3.eu-central-1.amazonaws.com/fb526953/ca/2023/06/12/660460d1586d750627dcd8e8c58eb6f4/WhatsApp_Video_2023-06-12_at_11.43.05.mp4,
25,2,image,downloaded,219137,6a0e610eed391b6e39eb49fd1b9325a985a191e4cb79ac1f7765bce82a4eed32,image/jpeg,1,assets/collagen/day-25/D25_002_IMAGE.jpg,https://manybot-thumbnails.s3.eu-central-1.amazonaws.com/fb688444/ca/big_8d5f9656592eaf453fd8953d4d3e7a75.jpg,
25,3,image,downloaded,276331,0824783476327e3f0487b2a0bba145005c80dfc98108d5d51c794b42a6530885,image/jpeg,1,assets/collagen/day-25/D25_003_IMAGE.jpg,https://manybot-thumbnails.s3.eu-central-1.amazonaws.com/fb688444/ca/big_070e397ef298c3389d1a98fecd8e65e8.jpg,
25,4,image,downloaded,249788,1b150ae8dcaa4237c209419c1074e7a69fc07a3e5967223e35decc36d72d9a72,image/jpeg,1,assets/collagen/day-25/D25_004_IMAGE.jpg,https://manybot-thumbnails.s3.eu-central-1.amazonaws.com/fb688444/ca/big_e1647acb670598e72b6c9820b228d5ea.jpg,
25,5,image,downloaded,165403,b0bc2c8a89897893be94d0eb5fc64bcb9e774bea093ef48bd52d8b746f788a3d,image/jpeg,1,assets/collagen/day-25/D25_005_IMAGE.jpg,https://manybot-thumbnails.s3.eu-central-1.amazonaws.com/fb688444/ca/big_f1f8b3a869361ab2518412b1887dbbb0.jpg,
25,6,image,downloaded,137611,b00d6509d64368571c3d90beb67754bb017c9c8a65b51253d08e60ae1ad0a7a3,image/jpeg,1,assets/collagen/day-25/D25_006_IMAGE.jpg,https://manybot-thumbnails.s3.eu-central-1.amazonaws.com/fb688444/ca/big_c232adc58017e3bbec7959970793b03a.jpg,
25,7,video,downloaded,697926,2885531fc46b4df5b79c2e9e501ab8ef3b648b80be71f3a06147097f56e0f28c,video/mp4,1,assets/collagen/day-25/D25_007_VIDEO.mp4,https://manybot-files.s3.eu-central-1.amazonaws.com/fb688444/ca/2025/07/13/fdac905c5ffe20a85eb335f5c1c22b69/6.mp4,
26,1,video,downloaded,7108573,6b625ea3daa8eee11b7a5afaf6b0eefd82057535c25e89cdf1907b7ff929a3e2,video/mp4,1,assets/collagen/day-26/D26_001_VIDEO.mp4,https://manybot-files.s3.eu-central-1.amazonaws.com/fb688444/ca/2025/07/13/4e5075ff19a68ee6db62ba61c3a92b66/WhatsApp_Video_2025-07-13_at_10.26.45.mp4,
26,2,image,downloaded,401198,4acf060b75b53d228d1b568dd7a41cdffd36af7fdd452da0a35aece9b8e23f45,image/jpeg,1,assets/collagen/day-26/D26_002_IMAGE.jpg,https://manybot-thumbnails.s3.eu-central-1.amazonaws.com/fb688444/ca/big_241dd5cb4f0d16c0cb21b835f0fb8780.jpg,
26,3,image,downloaded,139964,8f33d1b80bac298d9366e54308c1b91947571aabf6491af1948b286bc4ff7f5c,image/jpeg,1,assets/collagen/day-26/D26_003_IMAGE.jpg,https://manybot-thumbnails.s3.eu-central-1.amazonaws.com/fb688444/ca/big_51a6ff719f9f6ebbc184549d5c52b196.jpg,
26,4,image,downloaded,459047,e227e8f93cd09e3aff9fbaa3f76d375e0f63d4c1ce1a6de4bbc338542e3a4751,image/jpeg,1,assets/collagen/day-26/D26_004_IMAGE.jpg,https://manybot-thumbnails.s3.eu-central-1.amazonaws.com/fb688444/ca/big_ce25d9478c16a7cbb8b437c29543f664.jpg,
26,5,image,downloaded,482788,47c6919ea0d62e1bcb5f23442fb14e19f605467462da146c67816e7b7950ecdd,image/jpeg,1,assets/collagen/day-26/D26_005_IMAGE.jpg,https://manybot-thumbnails.s3.eu-central-1.amazonaws.com/fb688444/ca/big_a2ea9d7b79b5d8f27d893406caa75b3c.jpg,
26,6,image,downloaded,398867,c4da16ccc04952924b55e0a34a6894169edd3e711b6c5e32d9f2c99944ef74ea,image/jpeg,1,assets/collagen/day-26/D26_006_IMAGE.jpg,https://manybot-thumbnails.s3.eu-central-1.amazonaws.com/fb688444/ca/big_f4580cec083c930336e1ca0662c10cc8.jpg,
27,1,image,downloaded,397370,93b16895094e6fa607e4ae2eeb2ecb62c8347c0575bcf80d81fc73f698693a2d,image/jpeg,1,assets/collagen/day-27/D27_001_IMAGE.jpg,https://manybot-thumbnails.s3.eu-central-1.amazonaws.com/fb688444/ca/big_ae956d2a11da79e28a3fbb6a75eb79d2.jpg,
27,2,image,downloaded,97413,156829b8e902210adeb09cd33cc8318e47d9e71ac40691f1fec22fe61debef2e,image/jpeg,1,assets/collagen/day-27/D27_002_IMAGE.jpg,https://manybot-thumbnails.s3.eu-central-1.amazonaws.com/fb688444/ca/big_44ff5c28562e5145a428235ccdcbb893.jpg,
27,3,image,downloaded,54000,066807c11b77a319559c8712e931c3d81cc691b063c6b0f1967cb842e0a33546,image/jpeg,1,assets/collagen/day-27/D27_003_IMAGE.jpg,https://manybot-thumbnails.s3.eu-central-1.amazonaws.com/fb688444/ca/big_1f6939e38bc3da2d33c62ce7a2b18513.jpg,
27,4,image,downloaded,560168,4525d768ac7f3812310ad885da695a5a1eeccf3668fac6cbc9aedca9914cf17f,image/jpeg,1,assets/collagen/day-27/D27_004_IMAGE.jpg,https://manybot-thumbnails.s3.eu-central-1.amazonaws.com/fb688444/ca/big_e8baf7e28ead873089676a9efb71308d.jpg,
27,5,image,downloaded,187266,bf4791c4d4bc429c4ea65584288c017081a35a635add7034328bd352974ea791,image/jpeg,1,assets/collagen/day-27/D27_005_IMAGE.jpg,https://manybot-thumbnails.s3.eu-central-1.amazonaws.com/fb688444/ca/big_b8dfb2e98763d75688c1815b36e81e89.jpg,
27,6,image,downloaded,428352,5e13e04a71352f3d84b0db758acff21f6d6506c5e2217ea0272165152b1291ae,image/jpeg,1,assets/collagen/day-27/D27_006_IMAGE.jpg,https://manybot-thumbnails.s3.eu-central-1.amazonaws.com/fb688444/ca/big_53e17fb85113f6b0e0d1748ce53c9b8e.jpg,
28,1,image,downloaded,69141,46970d8b14f480c9cc94efd2d0c4d6a70ba0e3067832a6946d49f57e443c78f5,image/jpeg,1,assets/collagen/day-28/D28_001_IMAGE.jpg,https://manybot-thumbnails.s3.eu-central-1.amazonaws.com/fb688444/ca/big_72377b94ccaf09f8c80d2d5ea0a57eb0.jpg,
28,2,image,downloaded,80811,29ec45a591fbf608e1c508aca3c52c9987f1f5657ec945cbc162a0acd2da4439,image/jpeg,1,assets/collagen/day-28/D28_002_IMAGE.jpg,https://manybot-thumbnails.s3.eu-central-1.amazonaws.com/fb688444/ca/big_e74b6e95e3482dae8005a0f77da0a097.jpg,
28,3,video,downloaded,7117724,b87bbea4346d50159e228d03e58c06f88ebaf00fbf5955ba317d234bd0572497,video/mp4,1,assets/collagen/day-28/D28_003_VIDEO.mp4,https://manybot-files.s3.eu-central-1.amazonaws.com/fb688444/ca/2025/07/13/3fc5ce438a246cdae1a6ca346d82a5ec/3.mp4,
28,4,video,downloaded,10467832,952215463241175e2e3aa3be291a9b45a66de18ad37b50e0972dcdbe3ed1c414,video/mp4,1,assets/collagen/day-28/D28_004_VIDEO.mp4,https://manybot-files.s3.eu-central-1.amazonaws.com/fb688444/ca/2025/07/13/fc811d21fcbb06030889b26da3f6efd1/4.mp4,
28,5,video,downloaded,8628989,000281be6b7e77f3e6942a46beb752a4bfedf6d6ed848dc2638c32f4a9971bdf,video/mp4,1,assets/collagen/day-28/D28_005_VIDEO.mp4,https://manybot-files.s3.eu-central-1.amazonaws.com/fb688444/ca/2025/07/13/3e0611ab4cc8f1942f3635fe633b367e/5.mp4,
28,6,image,downloaded,77922,5638d542e4f0a7b5201d16e4fd585b56a27eac629402f9b8f58af620e29085dc,image/jpeg,1,assets/collagen/day-28/D28_006_IMAGE.jpg,https://manybot-thumbnails.s3.eu-central-1.amazonaws.com/fb688444/ca/big_21a1e5cb1595f0011e1704bc17ceb3df.jpg,
29,1,image,downloaded,94484,884c25a7aa76be5c20c4eb1b0d18197e420f69ed88f3ccf16c916cfd4ff22349,image/jpeg,1,assets/collagen/day-29/D29_001_IMAGE.jpg,https://manybot-thumbnails.s3.eu-central-1.amazonaws.com/fb688444/ca/big_10ee9c08295f3020b434ac846455bf72.jpg,
29,2,image,downloaded,91603,1cf1c7a3cc3eb7eeaf0037b730301952e935fb1c3f20508bf11fa8f627ded039,image/jpeg,1,assets/collagen/day-29/D29_002_IMAGE.jpg,https://manybot-thumbnails.s3.eu-central-1.amazonaws.com/fb688444/ca/big_f9288b700b290ba57fed4fd27f6ba74d.jpg,
29,3,image,downloaded,117809,5aed1e702ff873e57839cdad74096c695862bcde6d32fcd22a587e5e5efb6ff0,image/jpeg,1,assets/collagen/day-29/D29_003_IMAGE.jpg,https://manybot-thumbnails.s3.eu-central-1.amazonaws.com/fb688444/ca/big_e734a03f4cd74728b55e7611a6632dc6.jpg,
29,4,image,downloaded,172899,a818ca610bba2e662de19786c8af40569cb2b7ee27d901ea8c62a8bf7ce6611c,image/jpeg,1,assets/collagen/day-29/D29_004_IMAGE.jpg,https://manybot-thumbnails.s3.eu-central-1.amazonaws.com/fb688444/ca/big_a5cff0d6dafa68ce37e04f047ec31633.jpeg,
29,5,image,downloaded,228841,fa0be765a6618eec7d8ec0f68a1447ebad32deb0a6cef8709cb73e7031f8595b,image/jpeg,1,assets/collagen/day-29/D29_005_IMAGE.jpg,https://manybot-thumbnails.s3.eu-central-1.amazonaws.com/fb688444/ca/big_43f9a2f90f4061af97fa6704f17cd6c9.jpeg,
30,1,image,downloaded,1208749,a92370a77486cc0abb69df58023e7af420b76172b8c2cc7d95a9c5569c0fd4ba,image/png,1,assets/collagen/day-30/D30_001_IMAGE.png,https://manybot-thumbnails.s3.eu-central-1.amazonaws.com/fb688444/ca/big_f9fbbc1d6c1b875d0c851547e05da6f8.PNG,
30,2,image,downloaded,146981,50ceb0b08d618b198620630c6158b9edf103518934bb67f5749f4cc1b91d69a2,image/jpeg,1,assets/collagen/day-30/D30_002_IMAGE.jpg,https://manybot-thumbnails.s3.eu-central-1.amazonaws.com/fb688444/ca/big_03e7c83b3caf20f8ff6ebfeec86c725e.jpg,
30,3,image,downloaded,220771,b1403f4c04f18585caa00044a328205d7345d82d12bc669e78b798d54a8c851a,image/jpeg,1,assets/collagen/day-30/D30_003_IMAGE.jpg,https://manybot-thumbnails.s3.eu-central-1.amazonaws.com/fb688444/ca/big_295b93cd6c076cbd95893b0cd2dc7e7e.jpg,
30,4,video,downloaded,15979132,256a8b83147e5132d9167390c5dd6711057c13d9cf63dc8bbb677ecdb2308c8d,video/mp4,1,assets/collagen/day-30/D30_004_VIDEO.mp4,https://manybot-files.s3.eu-central-1.amazonaws.com/fb688444/ca/2025/07/13/0d772ab7df7713e1f76e2a0ddd9d1bc4/WhatsApp_Video_2025-07-13_at_10.33.31.mp4,
30,5,image,downloaded,495498,fe5fa930d802e8e1a44fa34f3d804dd2153bd0b526892358629ebf5ae597d8bd,image/jpeg,1,assets/collagen/day-30/D30_005_IMAGE.jpg,https://manybot-thumbnails.s3.eu-central-1.amazonaws.com/fb688444/ca/big_36c5c61b8e09fa7f1b89b74457eb0ff9.jpg,
30,6,image,downloaded,538144,5c21972dad8225aeaf3ac8ee0a46b876e8fca00d871f7ccdd85702efca62f9a8,image/jpeg,1,assets/collagen/day-30/D30_006_IMAGE.jpg,https://manybot-thumbnails.s3.eu-central-1.amazonaws.com/fb688444/ca/big_846219173b14ce5d72ebfc0615a62371.jpg,
